Ticker,Title,Post_Date,Mentions,Upvotes,Likes_per_mention,Sentiment_Analysis
SPY,"['0DTE SPY Call Yolo: $40.5K Gain Porn ðŸš€ðŸ¤‘', '56K 0DTE SPY Put Yolo: 575P, 300x @ 1.86 each', '33K 0DTE SPY 580C YOLO, 33K --> 85K', '19K 0DTE $SPY FD YOLO, 580C, 300x @ .62 each', '100k gains today from one SPY 0DTE trade', 'Close to 900% SPY 587p 0dte', '13K 0DTE SPY 585 PUT --> +17K Profit', '0DTE SPY Put YOLO, 10K --> 18K', 'Sold SPY calls before the close for a $11k profit\nHave a nice dinner tonight and ã€‚ã€‚ã€‚ã€‚Wendy.s', 'I SPY a double down.', '47K WORTH SPY PUTS. HOLD OR SELL', '$12,000 SPY & TSLA Put gains in 35 minutes', '40K GIGA YOLO, 1DTE on SPY 587 Put; 200 Contracts @ 1.93 Each', 'SPY 200% 580p 3/3 GAINS', '+52k SPY $597p 2/27', '12.5K SPY 0DTE YOLO --> 10K Profit']",2025-03-05 22:05:04,16,193,12.0625,"[0.6705, 0.2732, 0.4278, 0.4278, 0.34, 0.0, 0.4404, 0.4278, 0.6908, 0.0, 0.2263, 0.34, 0.4278, 0.4824, 0.0, 0.694]"
MSTR,"['MSTR 15k ALL IN YOLO', 'Sell MSTR CALL $Gain92%', '$60K (300%) on MSTR thanks to the federal ponzi reserve', 'MSTR PUTS 282.5 strike price 3/7 Gainsssss 180%Ks', '30k MSTR PUT Yolo loss', '30k MSTR PUT Lotto exp 3/7']",2025-03-05 17:58:04,6,283,47.166666666666664,"[0.4278, 0.0, 0.4404, -0.128, -0.0516, 0.0]"
NVDA,"['NVDA $120.5k YOLO (Doubled down on shares)', 'Last week, NVDA had the second largest one day loss for a single ticker (-$368B). Today they made the list AGAIN (-$231B).', 'Any AI experts? What role does GPT 4.5 have on current NVDA sinking?', 'Wow. Sold Friday held calls at open. Swapped for puts, then had to buy NVDA', 'NVDA $125 calls and $110 cash secured puts - $25k premium used to purchase 25 80DTE calls', 'NVDA 132C yolo', 'No problem, guys. NVDA earnings will save me!', 'NVDA loss porn. Holding til 0 or a random rocket.', 'Everyone watching $NVDA ER now..', 'Bought NVDA calls near the bottom, what should I do with it?', '$21k gain on NVDA cc in 2 days.', 'NVDA saves the day?', 'NVDA 1DTE 125P 11K FD YOLO', ""Go home $NVDA you're drunk""]",2025-03-05 01:55:18,14,152,10.857142857142858,"[0.6166, -0.3182, 0.0, 0.5859, 0.4019, 0.2732, 0.6956, -0.3182, 0.0, 0.0, 0.5267, 0.0, 0.2732, -0.34]"
TSLA,"['38K in 3/28 TSLA 200 Puts', 'TSLA   PUT Gain $81K', 'First +50k trade! $TSLA', 'Happened to notice Elon gifted 268k TSLA shares on 12/30', 'Calling all recently separated FiancÃ©es, 94k to 240k on TSLA puts', ""(Gain + Ongoing YOLO) The market is finally realizing TSLA didn't suddenly double in value just because Elon is in office"", '$12,000 SPY & TSLA Put gains in 35 minutes', ""Yolo - I finally bought PUTS on $TSLA (up $12,798.48 today). How much longer should I hold?  I'm thinking about selling them at $240,""]",2025-03-05 01:21:42,8,104,13.0,"[0.0, 0.5267, 0.0, 0.296, 0.0, 0.824, 0.34, 0.2732]"
LLY,['LLY 267k Long Position - A Dual-Catalyst Driven ~4X Play'],2025-03-05 07:49:00,1,29,29.0,[0.34]
QQQ,"['Easiest dip ever +$10K QQQ 3/21 calls', '167% QQQ PUTS 23.5k PROFITS', 'QQQ Puts - Gain Porn', '2.2k to 16.5k QQQ 0dte puts']",2025-03-04 19:31:01,4,155,38.75,"[0.4215, 0.5622, 0.5267, 0.0]"
GOOGL,['Waiting to be stimulated GOOGL'],2025-03-04 22:47:50,1,48,48.0,[0.2263]
AMD,"['100% $AMD Put Portfolio', '$AMD got me good ðŸ˜­', 'Who knew Nvidia and AMD had something in common?ðŸš€ðŸš€ðŸš€', 'All in AMD YOLO']",2025-03-04 18:55:23,4,10,2.5,"[0.0, -0.0516, 0.0, 0.4278]"
AVGO,['25K AVGO Earnings YOLO   |    65x 200C 3/7 Expiry    |    3.85 Each'],2025-03-03 20:51:14,1,16,16.0,[0.4278]
MCD,['$DNUT Krispy Kreme is set to moon! Expanding into many markets and with $MCD McDonalds partnership sales will boost! ðŸš€'],2025-03-03 15:38:21,1,0,0.0,[0.508]
RKLB,"['Wellâ€¦ I wanted more NBIS and RKLB anyways, I guess my wish was granted', 'RKLB ðŸ˜­ðŸ˜­ðŸ¤®']",2025-02-28 17:39:15,2,18,9.0,"[0.5719, -0.7351]"
BP,['BP to ditch renewables goals and return focus to fossil fuels'],2025-02-26 13:24:37,1,1760,1760.0,[0.0]
C,['80K IN IBIT JAN 2027 100 C'],2025-02-27 00:08:30,1,26,26.0,[0.0]
